/*
*	Script de población de la base de datos
*			GRUPO 5
*/

/* Inserts de la tabla Encargado */
insert into ENCARGADO (NSS, nombre, apellido1, apellido2) values ('249058249A', 'Robina', 'Jone', 'Bilt');
insert into ENCARGADO (NSS, nombre, apellido1, apellido2) values ('832241587B', 'Germain', 'Tibalt', 'Ormrod');
insert into ENCARGADO (NSS, nombre, apellido1, apellido2) values ('739974509C', 'Brose', 'Stook', 'Capel');
insert into ENCARGADO (NSS, nombre, apellido1, apellido2) values ('807187889A', 'Raychel', 'Warlock', 'Railton');
insert into ENCARGADO (NSS, nombre, apellido1, apellido2) values ('877099066D', 'Ellsworth', 'O''Connel', 'Kreber');
insert into ENCARGADO (NSS, nombre, apellido1, apellido2) values ('794836549J', 'Darlene', 'Dionisii', 'Thraves');
insert into ENCARGADO (NSS, nombre, apellido1, apellido2) values ('487907042K', 'Vanda', 'Tibald', 'Morriss');
insert into ENCARGADO (NSS, nombre, apellido1, apellido2) values ('694824909A', 'Editha', 'Burnep', 'Beedon');
insert into ENCARGADO (NSS, nombre, apellido1, apellido2) values ('732126158B', 'Caesar', 'Scoffins', 'Dellenbroker');
insert into ENCARGADO (NSS, nombre, apellido1, apellido2) values ('048698823C', 'Dagny', 'McLeary', 'Aldhous');

/* Inserts de la tabla Viajero */
insert into VIAJERO (numId, tipoId, fechaExpId, nombre, apellido1, apellido2, sexo, fechaNacimiento, paisNacionalidad) values ('827741411A', 'I', '03-Aug-2038', 'Nehemiah', 'Wreakes', 'Scanlan', 'M', '03-Dec-1967', 'Alemania');
insert into VIAJERO (numId, tipoId, fechaExpId, nombre, apellido1, apellido2, sexo, fechaNacimiento, paisNacionalidad) values ('938162834B', 'P', '27-Jun-2038', 'Mersey', 'Wisam', 'Cogar', 'F', '25-Sep-2015', 'Colombia');
insert into VIAJERO (numId, tipoId, fechaExpId, nombre, apellido1, apellido2, sexo, fechaNacimiento, paisNacionalidad) values ('829063017B', 'P', '11-Dec-2030', 'Abbi', 'Suero', 'Kunat', 'F', '07-Aug-2007', 'Francia');
insert into VIAJERO (numId, tipoId, fechaExpId, nombre, apellido1, apellido2, sexo, fechaNacimiento, paisNacionalidad) values ('920122083Q', 'D', '20-Apr-2034', 'Amerigo', 'Greenstock', 'Rockcliffe', 'M', '20-Nov-2012', 'España');
insert into VIAJERO (numId, tipoId, fechaExpId, nombre, apellido1, apellido2, sexo, fechaNacimiento, paisNacionalidad) values ('768358807W', 'X', '07-Jun-2030', 'Evelin', 'Miroy', 'Tillett', 'M', '06-Apr-1997', 'Italia');
insert into VIAJERO (numId, tipoId, fechaExpId, nombre, apellido1, apellido2, sexo, fechaNacimiento, paisNacionalidad) values ('250547811V', 'P', '20-Dec-2035', 'Hort', 'Jellicorse', 'Mac', 'M', '04-Feb-1997', 'Jamaica');
insert into VIAJERO (numId, tipoId, fechaExpId, nombre, apellido1, apellido2, sexo, fechaNacimiento, paisNacionalidad) values ('835989596B', 'P', '08-Jul-2023', 'Devin', 'Arpin', 'Kristoffersson', 'M', '20-Nov-2012', 'Grecia');
insert into VIAJERO (numId, tipoId, fechaExpId, nombre, apellido1, apellido2, sexo, fechaNacimiento, paisNacionalidad) values ('832659965N', 'D', '23-Oct-2033', 'Erin', 'Heiden', 'Sabathier', 'F', '05-Aug-1994', 'España');
insert into VIAJERO (numId, tipoId, fechaExpId, nombre, apellido1, apellido2, sexo, fechaNacimiento, paisNacionalidad) values ('017915753J', 'P', '24-Dec-2030', 'Chase', 'Brolly', 'Trembey', 'M', '05-Mar-1984', 'Japon');
insert into VIAJERO (numId, tipoId, fechaExpId, nombre, apellido1, apellido2, sexo, fechaNacimiento, paisNacionalidad) values ('153115374L', 'P', '19-Feb-2027', 'Kristal', 'Thibodeaux', 'Nunn', 'F', '25-Apr-1985', 'Estados Unidos');
insert into VIAJERO (numId, tipoId, fechaExpId, nombre, apellido1, apellido2, sexo, fechaNacimiento, paisNacionalidad) values ('509961360K', 'N', '20-Oct-2028', 'Armando', 'Haughan', 'Brenston', 'M', '19-Nov-1954', 'Jordania');
insert into VIAJERO (numId, tipoId, fechaExpId, nombre, apellido1, apellido2, sexo, fechaNacimiento, paisNacionalidad) values ('774223817G', 'P', '07-May-2039', 'Annis', 'Silley', 'Wibrow', 'F', '19-Apr-1928', 'Portugal');
insert into VIAJERO (numId, tipoId, fechaExpId, nombre, apellido1, apellido2, sexo, fechaNacimiento, paisNacionalidad) values ('317546142Y', 'P', '19-Aug-2040', 'Koressa', 'Scurrah', 'Lorant', 'F', '19-Aug-1955', 'Andorra');
insert into VIAJERO (numId, tipoId, fechaExpId, nombre, apellido1, apellido2, sexo, fechaNacimiento, paisNacionalidad) values ('141975608S', 'P', '03-Jul-2034', 'Emlyn', 'Pavlovic', 'Boshell', 'F', '13-Feb-1929', 'China');
insert into VIAJERO (numId, tipoId, fechaExpId, nombre, apellido1, apellido2, sexo, fechaNacimiento, paisNacionalidad) values ('841840720G', 'P', '31-Oct-2029', 'Bondon', 'Mallison', 'Caras', 'M', '22-Jun-1965', 'Portugal');
insert into VIAJERO (numId, tipoId, fechaExpId, nombre, apellido1, apellido2, sexo, fechaNacimiento, paisNacionalidad) values ('594614321G', 'P', '23-Dec-2021', 'Jeni', 'Tow', 'Dyche', 'F', '16-Apr-1923', 'Noruega');
insert into VIAJERO (numId, tipoId, fechaExpId, nombre, apellido1, apellido2, sexo, fechaNacimiento, paisNacionalidad) values ('525387026H', 'N', '13-Nov-2029', 'Kettie', 'Bergen', 'Swanton', 'F', '27-Jun-1961', 'Peru');
insert into VIAJERO (numId, tipoId, fechaExpId, nombre, apellido1, apellido2, sexo, fechaNacimiento, paisNacionalidad) values ('187747283R', 'C', '06-Nov-2029', 'Joanie', 'Gubbins', 'Howgate', 'F', '14-Nov-1950', 'España');
insert into VIAJERO (numId, tipoId, fechaExpId, nombre, apellido1, apellido2, sexo, fechaNacimiento, paisNacionalidad) values ('212713786N', 'P', '01-Feb-2024', 'Wandis', 'Rodmell', 'Cuniam', 'F', '16-Jan-1957', 'Escocia');
insert into VIAJERO (numId, tipoId, fechaExpId, nombre, apellido1, apellido2, sexo, fechaNacimiento, paisNacionalidad) values ('802956154D', 'P', '28-Apr-2022', 'Gusta', 'Sandland', 'La Wille', 'F', '17-Sep-1964', 'Israel');
insert into VIAJERO (numId, tipoId, fechaExpId, nombre, apellido1, apellido2, sexo, fechaNacimiento, paisNacionalidad) values ('606893014N', 'D', '08-Feb-2022', 'Truda', 'Battman', 'Dupree', 'F', '09-May-1950', 'España');
insert into VIAJERO (numId, tipoId, fechaExpId, nombre, apellido1, apellido2, sexo, fechaNacimiento, paisNacionalidad) values ('838290178M', 'P', '13-Jul-2031', 'Cliff', 'Grafham', 'Greest', 'M', '26-Jan-2021', 'Inglaterra');
insert into VIAJERO (numId, tipoId, fechaExpId, nombre, apellido1, apellido2, sexo, fechaNacimiento, paisNacionalidad) values ('369836412D', 'D', '01-Nov-2036', 'Linet', 'Feek', 'Stoacley', 'F', '24-Feb-1936', 'España');
insert into VIAJERO (numId, tipoId, fechaExpId, nombre, apellido1, apellido2, sexo, fechaNacimiento, paisNacionalidad) values ('425492106M', 'P', '24-May-2022', 'Prescott', 'Osbaldeston', 'Vinck', 'M', '04-Oct-1933', 'Argentina');
insert into VIAJERO (numId, tipoId, fechaExpId, nombre, apellido1, apellido2, sexo, fechaNacimiento, paisNacionalidad) values ('156645619O', 'C', '22-Apr-2022', 'Virgil', 'Benson', 'Cotta', 'M', '20-Nov-1973', 'España');
insert into VIAJERO (numId, tipoId, fechaExpId, nombre, apellido1, apellido2, sexo, fechaNacimiento, paisNacionalidad) values ('368343121I', 'P', '18-Sep-2032', 'Will', 'Welchman', 'Severn', 'M', '27-Mar-1929', 'Alemania');
insert into VIAJERO (numId, tipoId, fechaExpId, nombre, apellido1, apellido2, sexo, fechaNacimiento, paisNacionalidad) values ('815390744L', 'I', '14-Aug-2035', 'Klara', 'Doyle', 'Greson', 'F', '20-Sep-1930', 'Suecia');
insert into VIAJERO (numId, tipoId, fechaExpId, nombre, apellido1, apellido2, sexo, fechaNacimiento, paisNacionalidad) values ('332568361Z', 'I', '01-Jan-2035', 'Kathryne', 'Alvy', 'Aleshkov', 'F', '10-Apr-1949', 'Francia');
insert into VIAJERO (numId, tipoId, fechaExpId, nombre, apellido1, apellido2, sexo, fechaNacimiento, paisNacionalidad) values ('114812216A', 'P', '23-Jul-2032', 'Griffin', 'Dupree', 'Caramuscia', 'M', '27-Apr-1936', 'Polonia');
insert into VIAJERO (numId, tipoId, fechaExpId, nombre, apellido1, apellido2, sexo, fechaNacimiento, paisNacionalidad) values ('656737376S', 'P', '21-Jul-2031', 'Turner', 'Hexam', 'Greer', 'M', '12-Aug-1983', 'Rusia');
Insert into VIAJERO (numId, tipoId, fechaExpId, nombre, apellido1, apellido2, sexo, fechaNacimiento, paisNacionalidad) values ('111222333A', 'D', '23-May-2024', 'Javier', 'De', 'Santos', 'M', '21-Feb-1995', 'España');
insert into VIAJERO (numId, tipoId, fechaExpId, nombre, apellido1, apellido2, sexo, fechaNacimiento, paisNacionalidad) values ('123456789C', 'C', '23-Oct-2033', 'Luis', 'Lopez', 'Lopez', 'M', '04-Sep-1979', 'España');
insert into VIAJERO (numId, tipoId, fechaExpId, nombre, apellido1, apellido2, sexo, fechaNacimiento, paisNacionalidad) values ('123456789B', 'D', '23-Oct-2033', 'Juan', 'Perez', 'Rios', 'M', '05-Aug-1994', 'España');
insert into VIAJERO (numId, tipoId, fechaExpId, nombre, apellido1, apellido2, sexo, fechaNacimiento, paisNacionalidad) values ('123456789A', 'D', '23-Oct-2033', 'Pedro', 'Perez', 'Perez', 'M', '21-Dec-1983', 'España');
insert into VIAJERO (numId, tipoId, fechaExpId, nombre, apellido1, apellido2, sexo, fechaNacimiento, paisNacionalidad) values ('123456789D', 'D', '23-Oct-2033', 'Jose', 'Perez', 'Perez', 'M', '21-Dec-1983', 'España');


/* Inserts de la tabla LibroRegistro */
insert into LIBROREGISTRO (idLibro, numPaginas) values ('000000001', '124');
insert into LIBROREGISTRO (idLibro, numPaginas) values ('000000002','231');
insert into LIBROREGISTRO (idLibro, numPaginas) values ('000000003','341');
insert into LIBROREGISTRO (idLibro, numPaginas) values ('000000004','126');

/* Inserts de la tabla ParteEntrada */
insert into PARTEENTRADA (numID, firma, fechaEntrada, fechaSalida, idLibro) values ('827741411A', 'asdfjlsf', '21-Feb-2019', '12-Mar-2019', '000000001');
insert into PARTEENTRADA (numID, firma, fechaEntrada, fechaSalida, idLibro) values ('111222333A', 'firma12', '24-Jun-2021', '26-Jun-2021', '000000003');
insert into PARTEENTRADA (numID, firma, fechaEntrada, fechaSalida, idLibro) values ('111222333A', 'firma12', '20-Jul-2021', '26-Jul-2021', '000000003');
insert into PARTEENTRADA (numID, firma, fechaEntrada, fechaSalida, idLibro) values ('827741411A', 'asdfjlsf', '17-Mar-2019', '23-Mar-2019', '000000001');
insert into PARTEENTRADA (numID, firma, fechaEntrada, fechaSalida, idLibro) values ('111222333A', 'firma12', '14-Aug-2021', '16-Aug-2021', '000000003');
insert into PARTEENTRADA (numID, firma, fechaEntrada, fechaSalida, idLibro) values ('827741411A', 'asdfjlsf', '01-Apr-2020', '12-Apr-2020', '000000002');
insert into PARTEENTRADA (numID, firma, fechaEntrada, fechaSalida, idLibro) values ('827741411A', 'asdfjlsf', '18-Jun-2020', '12-Jul-2020', '000000002');
insert into PARTEENTRADA (numID, firma, fechaEntrada, fechaSalida, idLibro) values ('827741411A', 'asdfjlsf', '21-Aug-2021', '12-Sep-2021', '000000003');
insert into PARTEENTRADA (numID, firma, fechaEntrada, fechaSalida, idLibro) values ('938162834B', 'dwadfegs', '21-Feb-2019', '12-Mar-2019', '000000001');
insert into PARTEENTRADA (numID, firma, fechaEntrada, fechaSalida, idLibro) values ('938162834B', 'dwadfegs',  '12-Jun-2020', '15-Jun-2020', '000000002');
insert into PARTEENTRADA (numID, firma, fechaEntrada, fechaSalida, idLibro) values ('938162834B', 'dwadfegs',  '21-Feb-2020', '12-Mar-2020', '000000002');
insert into PARTEENTRADA (numID, firma, fechaEntrada, fechaSalida, idLibro) values ('938162834B', 'dwadfegs', '05-Feb-2021', '11-Feb-2021', '000000003');
insert into PARTEENTRADA (numID, firma, fechaEntrada, fechaSalida, idLibro) values ('938162834B', 'dwadfegs', '26-May-2021', '29-May-2021', '000000003');
insert into PARTEENTRADA (numID, firma, fechaEntrada, fechaSalida, idLibro) values ('829063017B', 'fashests', '21-Feb-2019', '04-Mar-2019', '000000001');
insert into PARTEENTRADA (numID, firma, fechaEntrada, fechaSalida, idLibro) values ('829063017B', 'fashests', '12-Jun-2020', '17-Jun-2020', '000000002');
insert into PARTEENTRADA (numID, firma, fechaEntrada, fechaSalida, idLibro) values ('920122083Q', 'ehseysst', '21-Jul-2020', '10-Aug-2020', '000000002');
insert into PARTEENTRADA (numID, firma, fechaEntrada, fechaSalida, idLibro) values ('920122083Q', 'ehseysst', '03-Mar-2021', '11-Mar-2021', '000000003');
insert into PARTEENTRADA (numID, firma, fechaEntrada, fechaSalida, idLibro) values ('768358807W', 'ftuessfd', '20-May-2021', '24-May-2021', '000000003');
insert into PARTEENTRADA (numID, firma, fechaEntrada, fechaSalida, idLibro) values ('250547811V', 'eysjetew', '23-Sep-2021', '25-Sep-2021', '000000003');
insert into PARTEENTRADA (numID, firma, fechaEntrada, fechaSalida, idLibro) values ('835989596B', 'fseusijt', '20-Feb-2019', '10-Mar-2019', '000000001');
insert into PARTEENTRADA (numID, firma, fechaEntrada, fechaSalida, idLibro) values ('835989596B', 'fseusijt', '26-Mar-2019', '30-Mar-2019', '000000001');
insert into PARTEENTRADA (numID, firma, fechaEntrada, fechaSalida, idLibro) values ('832659965N', 'fseusijt', '04-Apr-2020', '10-Apr-2020', '000000002');
insert into PARTEENTRADA (numID, firma, fechaEntrada, fechaSalida, idLibro) values ('153115374L', 'ejsjflwe', '10-Jul-2020', '18-Jul-2020', '000000002');
insert into PARTEENTRADA (numID, firma, fechaEntrada, fechaSalida, idLibro) values ('153115374L', 'ejsjflwe', '26-Feb-2021', '10-Mar-2021', '000000003');
insert into PARTEENTRADA (numID, firma, fechaEntrada, fechaSalida, idLibro) values ('509961360K', 'wyeotose', '30-Jun-2019', '12-Jul-2019', '000000001');
insert into PARTEENTRADA (numID, firma, fechaEntrada, fechaSalida, idLibro) values ('509961360K', 'wyeotose', '12-Jun-2020', '19-Jun-2020', '000000002');
insert into PARTEENTRADA (numID, firma, fechaEntrada, fechaSalida, idLibro) values ('774223817G', 'jamauroc', '13-Apr-2020', '19-Apr-2020', '000000002');
insert into PARTEENTRADA (numID, firma, fechaEntrada, fechaSalida, idLibro) values ('774223817G', 'jamauroc', '05-Jun-2021', '16-Jun-2021', '000000003');
insert into PARTEENTRADA (numID, firma, fechaEntrada, fechaSalida, idLibro) values ('317546142Y', 'fesleofg', '26-May-2021', '04-Jun-2021', '000000003');
insert into PARTEENTRADA (numID, firma, fechaEntrada, fechaSalida, idLibro) values ('141975608S', 'rocaloca', '21-Jun-2019', '04-Jul-2019', '000000001');
insert into PARTEENTRADA (numID, firma, fechaEntrada, fechaSalida, idLibro) values ('141975608S', 'rocaloca', '12-Jun-2020', '19-Jun-2020', '000000002');
insert into PARTEENTRADA (numID, firma, fechaEntrada, fechaSalida, idLibro) values ('841840720G', 'fjsheosf', '21-Jun-2020', '10-Jul-2020', '000000002');
insert into PARTEENTRADA (numID, firma, fechaEntrada, fechaSalida, idLibro) values ('841840720G', 'fjsheosf', '07-Mar-2021', '19-Mar-2021', '000000003');
insert into PARTEENTRADA (numID, firma, fechaEntrada, fechaSalida, idLibro) values ('594614321G', 'jlsoekts', '23-May-2021', '29-May-2021', '000000003');
insert into PARTEENTRADA (numID, firma, fechaEntrada, fechaSalida, idLibro) values ('525387026H', 'jlsoekts', '28-Sep-2021', '30-Sep-2021', '000000003');
insert into PARTEENTRADA (numID, firma, fechaEntrada, fechaSalida, idLibro) values ('525387026H', 'jlsoekts', '28-Sep-2016', '02-Oct-2016', '000000004');
insert into PARTEENTRADA (numID, firma, fechaEntrada, fechaSalida, idLibro) values ('525387026H', 'jlsoekts', '10-Dec-2021', '12-Dec-2021', '000000003');

/* Inserts de la tabla Registro */
insert into REGISTRAR (NSS, fechaEntrada, numId) values ('249058249A', '21-Feb-2019', '827741411A');
insert into REGISTRAR (NSS, fechaEntrada, numId) values ('249058249A', '17-Mar-2019', '827741411A');
insert into REGISTRAR (NSS, fechaEntrada, numId) values ('249058249A', '01-Apr-2020', '827741411A');
insert into REGISTRAR (NSS, fechaEntrada, numId) values ('249058249A', '18-Jun-2020', '827741411A');
insert into REGISTRAR (NSS, fechaEntrada, numId) values ('832241587B', '21-Aug-2021', '827741411A');
insert into REGISTRAR (NSS, fechaEntrada, numId) values ('832241587B', '21-Feb-2019', '938162834B');
insert into REGISTRAR (NSS, fechaEntrada, numId) values ('832241587B', '12-Jun-2020', '938162834B');
insert into REGISTRAR (NSS, fechaEntrada, numId) values ('832241587B', '21-Feb-2020', '938162834B');
insert into REGISTRAR (NSS, fechaEntrada, numId) values ('739974509C', '05-Feb-2021', '938162834B');
insert into REGISTRAR (NSS, fechaEntrada, numId) values ('739974509C', '26-May-2021', '938162834B');
insert into REGISTRAR (NSS, fechaEntrada, numId) values ('739974509C', '21-Feb-2019', '829063017B');
insert into REGISTRAR (NSS, fechaEntrada, numId) values ('739974509C', '12-Jun-2020', '829063017B');
insert into REGISTRAR (NSS, fechaEntrada, numId) values ('807187889A', '21-Jul-2020', '920122083Q');
insert into REGISTRAR (NSS, fechaEntrada, numId) values ('807187889A', '03-Mar-2021', '920122083Q');
insert into REGISTRAR (NSS, fechaEntrada, numId) values ('807187889A', '20-May-2021', '768358807W');
insert into REGISTRAR (NSS, fechaEntrada, numId) values ('877099066D', '23-Sep-2021', '250547811V');
insert into REGISTRAR (NSS, fechaEntrada, numId) values ('877099066D', '04-Apr-2020', '832659965N');
insert into REGISTRAR (NSS, fechaEntrada, numId) values ('794836549J', '10-Jul-2020', '153115374L');
insert into REGISTRAR (NSS, fechaEntrada, numId) values ('794836549J', '26-Feb-2021', '153115374L');
insert into REGISTRAR (NSS, fechaEntrada, numId) values ('794836549J', '30-Jun-2019', '509961360K');
insert into REGISTRAR (NSS, fechaEntrada, numId) values ('487907042K', '12-Jun-2020', '509961360K');
insert into REGISTRAR (NSS, fechaEntrada, numId) values ('487907042K', '13-Apr-2020', '774223817G');
insert into REGISTRAR (NSS, fechaEntrada, numId) values ('694824909A', '05-Jun-2021', '774223817G');
insert into REGISTRAR (NSS, fechaEntrada, numId) values ('694824909A', '26-May-2021', '317546142Y');
insert into REGISTRAR (NSS, fechaEntrada, numId) values ('694824909A', '21-Jun-2019', '141975608S');
insert into REGISTRAR (NSS, fechaEntrada, numId) values ('694824909A', '12-Jun-2020', '141975608S');
insert into REGISTRAR (NSS, fechaEntrada, numId) values ('732126158B', '21-Jun-2020', '841840720G');
insert into REGISTRAR (NSS, fechaEntrada, numId) values ('048698823C', '07-Mar-2021', '841840720G');
insert into REGISTRAR (NSS, fechaEntrada, numId) values ('048698823C', '23-May-2021', '594614321G');
insert into REGISTRAR (NSS, fechaEntrada, numId) values ('048698823C', '28-Sep-2021', '525387026H');
